﻿"Please include your name (This is for the PDH certificate. Your responses are kept confidential)"

"Respondents","Response Date","Response Text","Categories"

1,Aug 13 2015 1:43 PM,"Brandon Plunkett","",
2,Aug 13 2015 1:39 PM,"Stuart Woodard","",
3,Aug 13 2015 1:35 PM,"Nick Fitzgerald","",
4,Aug 13 2015 1:32 PM,"David Malcolm","",
5,Aug 12 2015 1:57 PM,"Kyle Cooper","",
6,Aug 12 2015 1:52 PM,"Douglas J Kemper","",
7,Aug 12 2015 1:51 PM,"Randy E. Goddard","",
8,Aug 12 2015 1:41 PM,"Brent Stough","",
9,Aug 11 2015 1:54 PM,"Rob Price","",
10,Aug 11 2015 1:52 PM,"Steven Putnam","",
11,Aug 10 2015 2:21 PM,"Adam Lansing","",
12,Aug 10 2015 1:56 PM,"Shawn McCoy","",
13,Aug 10 2015 1:54 PM,"David Speer","",
14,Aug 10 2015 1:53 PM,"Andrew Craig","",
15,Aug 10 2015 1:49 PM,"Jared Medlin","",
16,Aug 10 2015 1:48 PM,"TJ","",
17,Aug 10 2015 1:45 PM,"Jim Fitz Morris","",
18,Jul 29 2015 1:33 PM,"Brad Roberson","",
19,Jul 28 2015 4:24 PM,"James C","",
20,Jul 28 2015 3:55 PM,"roy lorenzen","",
21,Jul 28 2015 2:17 PM,"Frank Holcombe","",
