﻿"Please include your name (This is for the PDH certificate. Your responses are kept confidential)"

"Respondents","Response Date","Response Text","Categories"

1,Aug 13 2015 1:48 PM,"Robert M Reddick Jr","",
2,Aug 13 2015 1:39 PM,"Nick Lowe","",
3,Aug 13 2015 1:39 PM,"Tracey McCormick","",
4,Aug 12 2015 1:59 PM,"Nick Bushon ","",
5,Aug 12 2015 1:59 PM,"Kate Liu","",
6,Aug 12 2015 1:53 PM,"Matthew Mobley","",
7,Aug 12 2015 1:48 PM,"Kent Keplinger","",
8,Aug 12 2015 1:48 PM,"Michael Wickline","",
9,Aug 12 2015 1:43 PM,"Brent Wells","",
10,Aug 11 2015 1:51 PM,"Christian R. Disher","",
11,Aug 10 2015 2:11 PM,"John Acker","",
12,Aug 10 2015 2:07 PM,"Ted Harris","",
13,Aug 10 2015 1:58 PM,"Eric Burgess","",
14,Aug 10 2015 1:56 PM,"Melissa Burgess","",
15,Aug 10 2015 1:54 PM,"Christina Bednarek","",
16,Aug 10 2015 1:52 PM,"Casey  R","",
17,Aug 10 2015 1:49 PM,"John Acker","",
18,Aug 10 2015 1:49 PM,"Dan Keener","",
19,Jul 29 2015 1:58 PM,"James East","",
20,Jul 29 2015 1:48 PM,"Rick Slater","",
21,Jul 29 2015 1:39 PM,"Andrea Agee","",
22,Jul 29 2015 1:39 PM,"Brian Purdy","",
23,Jul 29 2015 1:34 PM,"Matthew D. Williams","",
24,Jul 28 2015 4:17 PM,"mj","",
25,Jul 28 2015 3:42 PM,"wayne alston","",
26,Jul 28 2015 2:15 PM,"Nathan Thornton","",
27,Jul 28 2015 2:08 PM,"Graham Bruns","",
